,rating_label
6222,0
1373,2
6994,1
8144,0
1409,2
342,1
4940,2
4076,1
78,1
3642,2
6672,2
7087,2
1400,2
547,0
962,2
751,0
8689,2
1555,0
121,1
3706,2
796,2
5338,1
2520,2
3564,1
6385,0
5863,1
1464,1
8699,1
3723,2
621,1
8561,2
3794,2
6933,0
438,0
4127,2
4426,1
8803,0
1191,1
5814,1
4311,0
4829,1
2360,2
3625,2
3616,1
4347,2
5177,2
8331,0
5915,2
7170,1
760,0
3710,2
5629,1
4066,2
3230,2
8080,2
275,2
4486,2
2618,2
4070,0
392,2
7331,0
1934,1
1027,2
4340,0
444,1
2488,1
4570,2
446,1
6982,2
3572,2
5847,2
5771,0
1928,2
331,2
8702,0
6679,0
1698,2
8391,1
3453,0
1553,2
4629,2
6685,0
4321,2
6768,1
3910,2
148,1
7859,2
3936,2
5119,2
3916,1
7718,1
3468,0
1716,2
4552,2
8107,1
2096,2
6926,1
5817,1
4899,1
4869,0
3982,2
6347,0
3738,0
1455,0
5108,2
3751,1
2431,0
8572,1
6168,1
7229,0
5016,2
8244,2
281,1
2018,0
5245,0
3025,2
6138,2
404,2
5496,0
7874,1
4377,2
1609,0
4021,2
953,2
2572,1
6286,2
171,1
1604,2
4181,2
5787,2
4153,1
3326,2
3741,1
8645,2
6962,2
6073,1
6353,1
8362,2
1752,0
3070,2
5490,2
5045,0
7814,1
6684,2
636,1
7799,2
4682,2
2782,2
8428,2
8386,2
279,0
6820,1
5046,1
1931,2
6453,0
3479,0
3593,1
1992,2
6542,2
7085,2
3739,1
4585,0
7194,1
8619,0
6842,1
3384,1
2312,2
3435,0
6350,1
6390,1
1264,2
8328,1
5605,2
4436,2
61,0
3243,2
6749,0
7946,2
2044,1
3075,2
4379,1
8177,2
1312,2
613,2
2392,2
1472,1
1249,2
4578,1
488,1
7657,0
3096,2
5574,1
4538,2
3758,2
3341,1
5547,1
5750,1
2859,2
7453,1
6809,1
8686,2
3192,2
301,1
7127,1
4956,1
8438,2
1578,0
380,1
8656,2
3765,0
1507,0
520,2
3602,2
8381,1
693,1
3278,1
7581,1
6775,1
1335,2
1417,2
1820,1
350,1
3318,0
2208,0
6915,2
4468,2
3403,0
443,2
947,1
8125,0
904,2
7723,2
3310,0
4852,0
623,2
8466,0
8065,1
4352,0
202,2
1362,0
8535,2
8759,0
3526,2
5918,1
2514,0
2329,2
253,1
1759,0
5237,0
6099,2
1140,2
7676,2
7448,2
6415,2
5626,2
2305,2
4588,1
5549,1
3510,1
4330,2
5302,2
2388,0
3438,1
1109,2
173,1
1011,1
5107,2
4638,2
7706,1
7694,2
2248,1
4540,2
569,1
179,1
46,2
4781,1
8020,2
4724,1
7960,1
146,2
8529,1
6801,2
2666,2
4848,2
6666,1
8145,1
5211,2
686,1
2745,2
3101,2
1618,0
804,2
4582,1
6783,1
6110,2
1523,1
6029,1
3692,0
6740,2
2453,2
2350,2
6788,2
4710,1
6459,1
1906,1
6141,2
8152,0
2313,1
4628,1
8119,2
7740,0
4296,2
1081,0
7305,2
3159,1
8449,1
6356,2
4240,2
731,1
5004,2
3729,2
3517,0
5288,2
4633,0
454,2
3074,2
8497,1
7753,2
8086,0
7566,2
2007,1
3087,1
4407,0
8668,2
2067,1
8232,1
4846,2
3694,0
4639,2
2784,1
3959,1
494,2
5071,1
351,2
4793,1
6576,2
2146,1
8036,2
2733,1
7738,1
798,2
7242,0
5335,1
4951,2
680,2
2591,1
7949,1
8451,1
3064,0
3133,1
3154,1
6560,2
3235,2
7120,0
1840,2
5236,0
5882,0
7561,2
8004,2
5021,1
8545,1
2473,1
6308,1
7108,0
698,2
789,1
6239,0
5728,1
231,1
4564,1
7487,2
5687,2
3764,0
4539,2
8218,2
4525,2
3120,2
6944,1
6678,2
3767,0
5884,2
7077,2
4837,1
7638,1
1614,0
1360,2
203,2
4487,1
1364,1
3268,1
495,2
2375,1
4095,2
4131,1
1112,1
882,0
3990,1
4411,1
7700,2
3194,2
5512,2
7205,2
1886,1
2112,1
3152,2
4731,1
1855,1
5607,2
6802,0
20,1
5744,2
8542,2
8228,1
6701,2
3867,2
4911,2
3057,0
6274,2
4224,2
5372,2
1905,2
7054,0
5052,2
7785,0
132,2
4544,2
1594,2
545,0
386,0
5879,1
6955,1
7713,1
1529,1
667,1
5631,2
2364,0
223,2
7059,1
1916,1
7507,2
7763,0
719,0
5743,2
451,1
514,2
7133,1
1534,2
560,1
5264,2
3974,0
2124,2
3328,2
4115,2
4045,2
3876,1
530,0
2361,1
7122,2
5868,2
6905,1
1130,1
7605,1
8444,0
2011,0
4456,1
5980,1
130,0
1097,2
6756,1
6723,1
6784,0
5703,1
3116,1
1148,0
4023,1
3790,2
1622,2
6904,2
1116,0
6089,1
8231,1
8159,1
3791,2
3988,0
2244,2
1020,1
4177,1
375,1
6236,0
562,1
1986,1
4659,2
3470,0
7679,0
3838,2
6039,2
2411,1
2108,2
1754,1
1321,2
8396,2
4040,2
8158,1
6008,1
7322,1
7365,2
616,2
6452,2
872,2
5032,2
5716,2
7025,2
5953,0
2762,2
7497,0
6370,1
2676,2
3909,0
3555,0
3428,2
7555,2
91,1
3269,2
6475,2
3150,2
2491,1
774,1
1845,2
4126,1
6144,2
4152,1
749,2
2412,2
7183,1
6919,1
742,2
5835,2
7339,1
5555,2
2943,2
8550,1
6803,0
3560,2
7203,1
1368,2
877,2
1865,1
3490,0
1672,0
2540,2
6936,0
3750,2
4079,2
6690,0
627,1
7429,2
5866,1
7471,1
8801,2
7422,1
8520,1
7678,2
2649,1
1485,1
1956,2
3414,1
2148,1
7587,1
7844,1
5890,2
2285,1
6357,0
2638,1
4839,1
8472,0
7401,1
6323,1
3709,0
6694,1
7287,0
4720,0
3095,2
5334,2
965,2
6502,2
6411,2
6315,2
6344,2
812,2
2393,2
8785,0
1937,1
5693,1
2915,0
2654,2
593,1
4696,0
8596,0
5615,2
956,2
7128,2
2039,2
7245,1
6272,1
4567,1
7640,1
6488,2
4410,2
295,1
8628,1
4859,2
8388,1
442,0
3893,2
6180,1
875,2
5880,2
7569,0
6265,2
7829,0
415,0
4579,1
69,0
3561,2
6855,1
1700,1
5514,2
3437,1
6580,1
2512,0
2755,2
4034,2
7052,2
8372,1
4565,1
1428,2
111,0
5932,1
1704,0
4691,1
2216,0
4728,0
7707,0
2293,2
7952,1
7961,2
5970,1
566,1
2721,1
6520,1
1300,2
3085,0
8369,1
4064,2
4711,1
2500,2
4285,2
2834,2
821,2
8774,1
8680,1
617,2
901,0
5622,2
5143,1
2906,2
276,2
5399,1
3743,2
3680,0
7589,0
8243,1
1059,2
656,2
570,1
5637,2
8114,1
7436,0
4272,1
5115,0
5082,2
6331,2
2882,2
8715,2
3356,2
6673,2
6583,2
6201,2
5720,2
3513,0
7690,1
6535,2
784,2
6927,2
19,2
6397,2
2633,1
7699,1
6121,2
607,2
3078,2
2986,1
3665,1
889,2
6245,1
8697,2
4756,2
4089,0
1068,2
782,2
2615,1
886,1
6785,0
5979,0
457,0
1958,2
2165,1
7998,1
4322,2
7055,1
4699,2
2447,2
1266,2
5925,2
3054,0
6426,1
1353,1
8098,0
1671,0
2706,2
2511,1
2332,1
8709,2
1785,2
8077,2
4445,2
3911,1
6082,2
7088,0
557,1
2035,1
7409,0
765,2
3628,2
8151,0
8048,2
4948,0
695,1
8726,0
4914,1
5176,2
7382,1
3217,1
3434,2
6361,1
5030,1
6937,1
3651,2
7092,0
3881,1
5324,2
7275,0
4719,2
6072,0
3409,2
911,0
4067,2
7405,1
3375,2
6669,2
6460,2
950,1
6160,2
8655,1
6964,2
6320,1
7359,0
4260,0
1760,0
7280,2
2436,1
5952,1
8094,0
4287,1
7704,2
6509,2
1737,1
6170,0
4616,1
2496,2
5540,2
2033,2
7869,1
7430,2
7141,2
1717,2
6006,1
619,1
8174,1
4768,1
6655,1
8721,1
3998,2
1329,2
3389,2
885,2
7441,1
6395,1
5325,2
5856,1
2418,1
4030,2
3989,1
3701,2
4636,2
622,2
3028,0
3808,2
3178,1
3426,1
5120,2
876,2
7135,1
6428,2
369,1
2242,2
4655,2
665,2
3627,0
5440,2
6518,2
216,1
6593,2
4013,1
6553,1
5701,2
699,2
7167,1
1558,1
2522,2
5729,1
6709,0
122,2
6597,2
4134,1
5760,2
3076,1
3578,1
2064,2
7162,2
6458,2
8786,0
5984,1
32,2
4351,0
1240,1
5445,2
4812,2
3003,2
7425,1
4222,2
1396,2
3002,2
7010,1
8634,2
3208,0
1195,2
7529,0
7171,0
6738,1
567,1
7111,2
2230,2
6708,2
8499,1
7750,2
2466,0
1462,0
437,2
8329,1
2321,2
2899,0
4985,2
2574,0
650,1
1010,0
4749,2
2669,2
4771,2
402,2
4221,2
5089,0
3039,0
4420,1
2643,2
3985,2
5522,2
6399,1
1847,0
33,2
6578,1
2463,1
3871,2
2387,2
1918,2
7099,1
92,2
1560,1
991,0
7610,0
2286,2
4253,2
3987,0
3661,0
785,0
2171,2
713,0
2403,1
1268,2
7254,1
144,2
1355,1
1251,1
4688,2
1486,2
336,1
3247,0
2129,0
1897,2
1811,2
1923,1
5623,2
5242,1
3981,2
4193,2
7894,2
5138,0
7854,1
671,2
4439,1
3097,2
7720,2
596,2
3001,2
2728,1
8650,1
8528,1
1732,1
6227,2
497,1
2609,0
2962,0
4148,2
432,0
8299,1
7259,1
1745,0
1340,1
5398,2
3148,0
5182,2
1506,0
68,1
7673,2
5402,1
4751,2
2823,1
4180,1
8437,2
5710,1
6221,0
2734,1
3214,2
7959,0
5964,1
4863,2
5669,2
5287,1
8267,2
113,0
7751,2
555,2
7928,1
4239,2
1292,0
2926,0
1169,0
2738,1
6183,1
3205,0
1851,1
6844,1
4773,2
6173,0
1220,2
8578,2
7771,0
3730,1
6036,2
6317,1
1561,2
4216,1
450,1
2261,2
5762,0
8733,2
8272,2
7573,0
485,1
8469,1
2688,1
211,2
2497,1
8421,1
7758,2
2017,1
5010,2
4406,2
1666,0
2070,0
3202,2
4919,0
8301,1
8202,2
6071,2
73,2
5026,1
6510,1
7642,2
7728,2
1151,0
8579,2
696,2
1673,2
3313,2
75,0
7069,0
6811,0
8450,1
4072,0
3610,0
4466,1
5134,2
2185,0
1260,2
4149,0
8058,2
538,0
7414,0
2430,2
6193,1
2316,1
2526,0
2008,2
4709,1
98,0
2903,2
8357,2
799,1
1197,1
2594,0
1080,1
3807,2
8795,0
4990,0
163,2
8658,2
96,2
3887,2
7390,2
156,1
1138,2
4775,2
6729,2
1949,1
8192,1
2650,2
5012,0
3106,0
3118,0
1207,1
5790,2
1016,2
7159,0
8492,1
683,2
5126,1
4117,0
725,2
5421,1
5552,2
2478,1
4533,2
2516,2
2291,1
2218,2
3601,2
2029,2
3138,1
1522,1
4680,1
6494,2
1383,1
6605,1
4603,1
174,2
3123,2
1391,2
4942,0
1004,0
8566,1
3640,1
1165,0
2128,0
3753,1
270,2
2909,0
6084,2
2852,2
1641,1
5321,2
8732,2
2621,1
1398,2
1346,2
2374,2
7380,1
7777,0
1484,1
3769,0
7760,0
1922,0
8003,1
5453,2
4766,2
3371,2
6392,2
8137,1
8185,2
3581,2
7504,0
7611,0
1217,2
4485,2
6963,2
6763,1
3342,1
5664,2
5812,2
2853,2
63,0
793,1
2589,2
2545,1
5158,1
2613,2
5717,2
7153,1
7267,1
7901,1
1881,2
6734,1
7301,1
5734,0
4807,2
5222,1
2016,1
1610,1
3686,2
3340,1
6654,1
1545,0
7031,2
7715,2
2675,2
8627,2
428,0
2224,1
1655,0
7897,0
1174,1
2492,0
7377,0
4012,1
3984,1
1933,2
8590,2
2481,0
1111,1
7719,1
6857,1
881,2
610,2
7647,1
6106,1
3398,2
1128,2
6724,2
7447,2
1137,0
8663,1
2389,1
6813,2
8745,0
4192,2
5535,2
7337,1
3687,2
767,1
6559,2
1960,0
6715,1
2861,1
6976,0
5270,2
8672,1
6288,0
6424,1
4791,2
5576,2
5154,1
2532,1
4354,2
3056,0
4120,2
2689,1
5739,1
6773,0
7343,2
5320,0
5069,2
2339,1
6894,0
5208,0
2220,2
1533,2
1938,0
8635,0
2489,1
3308,2
6695,1
1598,1
3077,1
2723,1
7269,2
1374,1
4856,0
2907,2
6663,2
5974,1
5025,2
2524,1
5988,2
154,2
3760,0
7004,2
1282,2
3072,2
6318,2
7733,2
7394,1
4996,2
5928,2
1252,1
6137,2
743,2
7533,1
5620,2
8406,1
4233,2
2674,2
2910,0
4438,2
1186,2
4365,2
4569,0
1519,0
1036,1
2363,2
1451,0
7775,0
1180,0
4166,2
624,2
1048,0
435,2
2987,2
1537,1
526,2
4039,1
2603,2
6725,2
7070,1
7559,1
3483,2
8316,0
1129,0
3781,1
2098,0
5183,1
3041,2
7137,2
4530,1
7924,1
5006,2
3004,1
521,2
5509,1
8034,0
1568,2
7319,0
1499,1
4814,2
6019,2
3970,2
7531,0
5599,2
8681,1
7970,0
8383,2
7298,2
6014,2
6731,2
3289,2
8474,1
5546,2
7819,0
3020,1
8259,2
5246,1
1323,1
7907,1
1344,2
7354,2
3302,1
4138,0
5892,2
3824,1
2771,2
2082,1
41,1
2617,2
7686,2
524,2
5493,2
8200,1
4591,2
105,1
7029,0
1630,0
5003,2
34,0
8457,1
7115,1
8714,0
3707,0
3784,1
5853,2
4887,0
8345,2
143,1
4787,2
176,1
3716,1
4271,2
3813,2
2850,1
5600,2
2575,1
5132,1
7652,1
920,0
83,2
7458,1
8480,2
1032,1
7967,0
3669,2
8141,2
795,1
801,2
5198,1
7943,1
5188,0
2181,0
5121,0
3186,2
3935,2
1404,0
4124,2
7373,2
5843,2
5369,2
8560,2
833,2
7871,2
3727,2
8506,1
2997,2
5366,2
6103,1
1525,1
2555,1
4510,2
3928,2
1332,0
3033,1
823,2
5195,1
3167,1
5849,2
2797,2
2672,2
940,0
2684,2
3666,0
6998,1
5109,1
4346,2
8722,1
2031,2
5412,1
3622,2
7999,1
834,0
7329,2
3521,2
8509,1
4598,1
3800,2
3863,2
4924,2
3860,2
4596,1
165,2
3918,0
6047,1
6126,0
6682,2
2474,0
3410,2
1565,0
2892,2
2225,0
3237,2
4734,1
5583,1
2259,2
3305,2
3498,2
6441,1
1014,0
5106,1
4755,0
3425,2
7243,1
8544,2
1867,2
8408,1
7577,2
8760,2
2314,1
3079,0
8435,1
6732,0
7810,2
6757,2
4736,1
1079,0
7323,1
247,2
3618,1
7289,0
6200,1
4517,0
8280,0
2204,1
120,0
5280,2
1972,1
6381,1
2807,0
5920,2
7963,2
908,2
246,2
4610,2
2914,2
2097,1
1514,2
3253,0
8088,1
8123,2
74,0
8276,2
2226,2
1817,1
6528,2
8730,2
6810,0
3272,0
7443,1
5719,1
7542,0
5098,0
4926,2
1757,0
2238,0
5780,2
4143,2
7387,0
1113,1
7335,1
4516,1
4051,2
6465,1
8507,1
4935,2
1017,2
1358,2
3637,2
1727,2
1145,1
1650,0
7371,2
1936,2
7039,1
5394,2
5680,2
5229,2
4164,2
513,1
7711,2
5112,1
324,0
4231,2
3590,2
1127,2
2300,2
6430,2
1658,1
93,2
642,2
3907,2
4833,2
3487,1
7619,1
5397,0
193,2
7768,0
3485,2
598,2
4484,1
3381,1
499,0
6958,2
175,2
6212,2
8397,1
7773,0
8045,1
7606,0
8358,2
6971,1
3926,1
2521,2
7656,2
4643,1
7516,1
4398,1
1454,1
3276,0
379,2
6130,1
8309,2
3286,1
2870,2
3996,1
4531,1
5529,2
2395,2
2835,2
1857,2
320,0
7244,2
5409,1
2704,2
2994,2
4686,2
1121,1
5738,0
5477,2
824,2
5959,1
4366,2
2324,0
1663,0
2257,1
8477,0
7379,0
2966,1
1562,2
4989,2
5355,2
6755,2
1384,1
7918,0
4312,2
178,2
533,1
5460,1
7383,1
4789,1
1843,2
1649,2
5824,2
7737,2
2433,1
3131,1
8275,0
6090,1
4061,1
2145,2
4748,2
2959,2
1297,1
3931,0
2493,2
4032,2
7780,0
896,1
4864,2
5428,0
1159,2
2871,2
7217,2
3719,2
6329,1
4091,2
1913,2
2935,1
4163,2
9,1
1324,2
2918,1
1034,2
1430,1
5933,2
7306,2
5565,1
5063,0
6790,1
6455,1
8216,2
162,1
241,1
6931,0
5186,0
7191,2
8035,1
6261,0
3768,2
5390,1
2961,1
4206,0
2055,2
8009,2
4732,1
5432,2
7721,0
2038,0
6387,0
5809,2
7672,2
2681,0
5251,2
7565,1
2983,0
3624,0
3427,2
5977,1
5992,1
5905,2
303,2
3155,2
2559,1
2868,1
4692,1
867,1
8459,2
5047,1
6840,1
3862,2
6468,2
3505,1
6448,0
2660,2
5712,2
4875,2
675,2
6699,1
2476,1
2135,0
6023,2
2253,2
2290,1
5114,2
5545,1
3762,2
468,2
1600,0
6269,1
3639,2
8103,1
5982,2
7278,0
5008,0
7855,1
1611,1
7369,1
5903,2
8136,0
142,1
4213,2
2740,1
7593,2
2720,1
1699,0
3379,2
6164,1
8453,2
133,2
1942,1
2057,0
4798,1
2699,2
1099,2
6247,2
3933,1
8375,1
1950,1
1753,1
4437,1
3216,1
5587,1
3815,2
8124,0
2413,1
1192,2
3921,2
6338,2
515,2
794,1
6643,1
5171,2
655,2
6215,2
5083,1
3395,0
4743,2
436,1
4392,2
6950,2
2928,2
3132,2
1038,0
809,1
8234,1
7675,0
1608,1
2687,1
3040,2
7807,2
2933,1
2639,1
6629,1
206,2
6178,2
7914,2
2636,1
4302,1
4405,2
852,1
2486,2
5041,1
6343,1
4986,2
2397,2
1735,1
6527,2
7575,2
1468,2
3742,2
250,0
8113,2
5638,2
476,2
8033,2
397,2
6835,0
8208,1
7386,1
4888,2
5694,2
6061,1
8207,0
3129,1
484,0
5688,1
2032,0
6898,2
3951,2
1250,0
2700,2
7126,2
8683,1
1803,2
2196,2
1098,1
2590,2
4254,2
575,1
7615,0
4964,2
4053,2
1940,2
3314,0
6216,1
4049,2
5916,2
1715,1
1784,1
5997,0
1787,2
3612,2
7440,2
5950,0
3388,2
797,1
4107,2
158,1
3645,2
8314,2
7560,2
3757,2
5936,0
3925,2
7130,2
1253,0
1895,0
8282,2
6912,1
5573,0
4963,2
4834,2
4668,2
805,1
3362,2
1599,2
2729,1
7428,0
1143,2
3293,2
3197,1
6284,0
6367,2
2233,2
3271,0
4028,2
5943,2
727,2
6598,1
6582,0
1263,2
1458,2
4704,0
2597,1
6769,2
7398,2
6657,1
8293,2
8463,2
352,2
6649,0
7096,1
917,2
8422,0
7811,1
3404,0
2507,2
3656,1
7987,2
3464,2
8,1
7623,2
7709,1
5598,1
5293,2
5724,2
574,1
8595,1
8419,0
2869,1
8163,2
3292,2
8500,0
6941,1
2955,2
7299,0
3460,0
4207,2
7515,2
1889,0
4932,2
2862,1
4309,2
3847,1
2921,2
6745,2
8644,1
364,0
6066,2
5601,1
3029,2
5352,1
6631,2
4758,0
7316,1
6330,1
1215,2
2187,2
5946,0
8461,0
5665,0
8290,2
3417,2
817,1
5136,2
4252,2
6878,1
3463,2
4594,0
147,0
4877,0
6930,1
4119,2
5736,0
8742,1
894,2
3349,2
6845,2
3832,2
6192,1
1415,2
3749,2
4867,2
7396,1
3611,2
3373,2
6312,0
2770,0
2576,2
5383,1
2586,0
374,0
137,1
738,1
3675,2
604,2
1416,2
6237,0
6132,1
1463,0
3606,2
602,1
8392,1
2415,2
8743,1
7927,1
845,1
5371,2
4010,2
1334,1
4429,1
7761,0
3111,2
7856,1
8744,2
5180,0
3849,1
8441,1
359,2
714,2
4288,1
4082,2
378,1
5655,1
2234,1
4589,0
4746,1
6316,2
6733,1
5691,2
923,0
2879,2
7734,1
1849,0
7197,2
4460,2
461,1
2116,0
3032,2
7098,0
8254,2
394,2
1789,0
7363,1
4744,2
4374,2
6659,0
7072,1
6337,2
7545,2
252,2
5018,2
1470,2
8546,2
5922,2
95,2
1247,0
6872,2
3524,2
5367,1
2696,2
936,0
474,2
1780,2
721,2
4804,1
3284,1
8789,0
6400,2
7356,2
8559,1
299,1
8278,1
549,1
3240,2
7457,0
5173,2
5485,1
8365,1
8533,2
4417,0
3825,2
2136,0
5239,2
5960,2
8013,2
4075,1
5608,1
5001,2
8248,0
579,2
5942,1
1527,0
8426,2
600,2
4898,0
1945,1
3592,2
8089,2
8018,2
4375,1
7596,0
2593,0
4225,2
7650,2
3971,2
138,1
4906,2
3113,2
591,1
2384,2
2619,2
1103,2
2461,2
8471,0
5420,0
3343,0
5036,1
3534,2
7500,0
1091,2
8511,1
2560,2
2949,2
1426,2
3657,1
3229,0
3732,1
6333,1
1902,0
858,1
4498,2
5043,0
7783,0
2367,2
1061,2
4471,2
2753,2
843,2
7975,1
4790,1
2529,0
8092,0
6253,0
333,1
4381,1
5213,2
6172,2
8371,0
1033,2
7911,2
187,0
4226,2
7940,1
6728,1
4159,1
4810,1
5181,2
7484,2
6816,2
8512,1
6408,1
8046,2
1122,1
7547,2
2378,2
4671,2
1257,1
1570,1
3277,1
584,2
4835,2
2034,1
4545,2
1303,0
6396,2
4161,1
8217,2
6386,2
8523,0
5836,2
5791,2
72,2
3357,2
2437,2
2349,2
554,2
5447,1
8187,1
4294,1
7434,1
5313,2
8344,2
182,1
4490,2
685,1
466,2
2303,2
973,0
2895,2
7485,0
5319,2
5947,0
4796,1
6639,1
806,1
2319,2
1035,1
5596,0
4761,2
5869,0
1984,2
3259,2
7876,1
7246,2
7307,2
4599,0
8399,2
6158,2
1304,0
6953,2
7333,2
3938,0
6623,2
2824,2
8330,2
1948,2
8024,0
2691,2
4634,0
126,1
7226,0
5204,2
5102,2
1117,0
7101,2
5346,2
2429,2
3744,2
5783,2
7209,0
3480,0
6499,2
928,1
1714,1
1064,2
1768,1
7833,1
8339,1
6760,2
1066,2
532,2
134,1
3684,2
2425,2
3512,2
8614,2
7551,1
235,0
2006,0
2296,1
4857,0
5544,2
5663,2
6298,1
3051,1
7013,1
7840,1
3852,1
7564,1
390,2
7276,0
972,2
2685,2
1878,2
8638,2
8261,2
4140,0
243,2
6969,0
1189,0
6523,2
2952,1
3965,2
7654,1
3153,1
1043,1
6849,1
3260,2
8465,1
5227,2
6848,2
5442,2
7105,2
5374,2
71,0
1838,2
4584,1
4965,2
6218,1
2325,2
6055,2
6363,1
3595,2
3523,0
7979,0
6550,1
258,2
4677,0
8394,1
1883,0
1573,0
3449,0
7603,0
1932,2
8640,1
5768,1
5557,2
2972,2
1980,1
4295,0
5507,2
958,1
6929,1
5339,1
3759,2
2438,1
2707,2
7449,0
1603,0
5386,1
4849,2
1179,0
919,2
5800,0
5441,1
8669,0
1552,2
7579,1
6601,0
1367,2
1786,1
2716,1
1104,0
2936,1
855,0
5802,2
6022,2
2380,0
4620,1
3979,0
2822,2
4546,2
573,1
6651,2
1682,0
5914,0
4317,1
1546,2
1057,1
3234,2
4718,2
2315,2
4009,2
1739,0
6151,0
7186,1
8446,2
7632,2
1762,2
5062,2
1678,2
4528,1
6648,2
8150,2
7132,1
2888,1
5818,1
6799,2
6637,1
6547,2
5474,2
2970,2
2739,0
778,2
1778,0
2169,2
7100,0
5389,1
1616,1
4248,2
5448,0
6864,0
546,1
1235,0
941,0
8043,2
2819,0
508,2
4409,2
6627,2
1435,2
8514,2
2548,2
4994,2
4800,1
8564,1
4478,0
8664,2
4026,1
218,1
28,1
7818,2
933,0
3124,2
2605,0
6642,1
2089,1
6199,2
5304,1
6661,1
8740,0
7919,2
980,2
674,2
8188,2
282,2
3048,1
8636,2
4190,2
5327,2
8633,2
900,1
3361,1
577,2
5081,0
1734,0
2595,0
1212,2
7001,0
4353,0
347,1
4844,1
3287,2
2258,2
5424,2
3285,2
7941,2
1772,2
1296,1
1518,0
4630,2
3840,2
4519,2
3394,0
3594,2
3649,1
5520,2
3174,2
5405,1
5454,2
4199,2
6854,1
2971,2
406,0
8754,2
934,2
7438,1
2442,1
2125,1
3693,2
5681,0
7872,1
4547,2
8191,2
86,2
1385,1
3350,0
4614,0
1538,1
6259,0
976,1
6290,1
7082,1
3187,2
4453,2
8654,2
7315,1
7568,0
3699,1
2269,2
1919,0
3195,1
4933,2
2090,2
118,1
8044,2
7190,1
135,2
3094,2
1965,2
2577,2
6814,0
7754,1
2297,2
8199,1
2001,2
5360,2
4642,2
7421,2
344,1
5255,1
4027,1
553,2
6220,0
7693,1
4092,0
1680,1
8194,2
7857,2
4279,1
4760,1
4874,0
3690,1
6374,2
1962,0
2508,1
734,2
1751,0
842,1
4168,2
6296,1
7240,0
8532,1
6909,1
4467,2
5443,2
8556,1
6500,2
7189,1
1273,1
7176,0
2298,0
8074,1
3681,0
4842,2
6417,1
2009,1
7808,2
5059,2
2831,2
400,0
3821,0
8255,1
4613,1
7730,2
3416,2
763,1
4446,1
6009,0
6865,0
84,2
3809,1
5895,0
2683,0
3391,1
8304,1
2422,1
8562,0
4537,1
4006,2
4364,0
7895,2
3977,2
381,2
3497,2
3495,2
460,1
1188,1
3615,2
5162,0
6741,2
2399,1
5301,0
572,1
6258,0
2107,0
4241,1
7898,2
2945,2
7955,2
6551,2
51,1
5973,1
7969,1
3080,1
745,1
7939,1
8602,0
6225,2
5777,1
3338,1
2168,0
2931,2
4372,0
2890,2
2265,1
3476,2
5090,2
996,2
7037,1
4970,2
8332,1
6291,0
3163,1
5425,2
3121,2
1209,0
2804,2
6267,1
7273,0
5055,0
4358,2
3231,0
125,2
6058,0
914,2
7084,1
6776,2
7923,0
2891,2
2318,0
8164,2
7663,2
2106,1
4413,1
8351,2
6051,2
3539,0
1423,1
2174,0
2523,0
702,2
5855,0
2607,1
7488,1
8037,1
4821,2
7658,2
7968,1
5076,2
1287,1
487,2
25,1
1741,0
7261,2
4809,2
810,1
8779,0
2,2
7835,1
1495,2
7277,0
2837,2
556,1
3203,2
3457,2
6123,2
6889,1
3827,2
835,0
5473,2
4799,1
4854,1
5883,2
8242,2
6133,2
384,1
2026,1
1792,1
5261,2
4457,1
7143,1
2504,1
4320,2
2272,1
3093,2
2549,2
433,2
4622,0
5269,0
6241,0
1502,2
7472,2
3859,1
1661,2
1971,1
5833,2
7076,0
1758,0
2093,2
2561,0
7407,2
870,1
3833,2
3836,2
3345,0
8252,1
5709,2
7600,0
7583,2
505,0
6531,1
4509,1
6526,2
6163,2
7464,1
1352,2
1450,2
8604,1
5128,1
2772,2
411,0
8660,0
7116,0
1402,1
7462,2
1356,1
4554,1
3045,1
1773,0
6102,1
3312,2
1925,2
2974,2
3520,1
5326,2
1242,1
1314,2
4801,2
3171,2
2071,1
418,0
4939,2
6150,0
4128,2
6294,0
1834,1
5904,2
7816,1
2930,1
5481,1
8739,0
4735,1
119,2
4062,0
6033,0
6377,1
8662,1
7992,1
2596,1
6184,1
5351,2
943,1
8534,2
7283,2
197,0
3066,0
777,2
3864,0
354,2
1829,2
4425,1
6692,1
8268,2
7024,0
3562,1
2744,0
7667,2
6918,0
4204,2
1299,2
4580,1
1623,1
7789,2
4922,0
1670,2
705,1
6275,2
2322,2
7178,2
4595,1
5446,2
141,2
1879,1
1018,1
1615,1
4014,0
3376,0
7081,1
2190,1
2580,2
6939,2
7505,0
6351,1
7046,1
321,1
1244,1
1832,2
6065,1
4912,1
2531,1
3947,2
7508,2
5723,0
8105,2
5559,2
8264,1
5602,2
6781,0
5385,2
1627,0
1026,0
5508,1
6293,1
0,1
7375,0
4962,2
8515,1
7562,1
8006,0
3295,0
2944,2
3360,1
2599,2
3297,2
3141,1
407,0
8007,0
7877,1
5521,2
7896,0
2462,2
254,0
4816,2
4434,2
3406,0
5353,0
3648,1
606,1
3383,1
4657,1
8516,2
8677,0
5487,1
2416,2
6914,1
5677,2
2701,1
7666,0
6165,2
4556,1
736,1
4534,0
6568,2
5958,1
7213,2
1674,1
5410,1
7350,2
1291,1
2448,0
2079,1
3327,0
4647,2
4910,0
3804,1
3745,0
6451,0
7266,1
7030,2
1233,1
3290,2
6177,0
2982,1
3264,2
3552,2
7477,2
750,2
3635,2
2095,2
2170,2
6853,0
5567,2
5837,2
2326,1
6668,0
5461,0
5144,0
1935,2
6983,2
80,0
7532,0
6053,0
3652,2
4212,1
97,0
5152,1
1828,2
5506,2
6587,2
2217,2
3853,1
4078,2
5343,2
4745,0
7005,1
3065,2
5763,1
2911,0
304,1
8632,2
780,0
7993,1
1003,2
6805,2
3385,2
30,1
4137,0
7912,1
6680,2
1086,2
1476,0
7494,0
8524,1
967,0
3728,2
288,2
5300,1
226,2
3068,2
997,0
7651,1
6544,2
516,2
6959,1
6491,2
4667,1
5156,2
3550,1
4542,2
1147,2
7248,2
8657,1
3102,1
4966,2
3600,2
1285,1
4880,1
2154,1
7805,1
8541,1
2126,0
5085,2
7821,1
964,2
1979,0
5851,2
6616,1
2773,0
472,0
3884,2
5624,1
8731,2
4116,1
2652,2
1556,0
7878,2
8768,2
5969,1
8527,2
4458,1
6204,1
4412,2
4024,2
6206,2
2373,2
6879,2
7228,0
1587,2
7942,0
1890,0
4118,1
3810,1
6495,0
4244,2
8606,1
8777,0
1524,2
7450,1
2547,2
2198,2
7204,1
8201,2
5291,2
2537,1
4361,2
7851,2
1067,2
5111,0
3631,1
8078,2
4707,0
2102,0
1170,0
3440,2
1328,2
5661,2
2668,2
3265,1
8700,2
5961,1
6077,2
3537,1
6307,2
427,1
1509,2
185,2
1434,1
6336,2
1510,2
5632,2
2802,2
164,1
481,2
1185,2
4476,2
6563,0
7125,1
6951,2
4195,2
2625,2
7748,0
2747,1
1001,1
6557,0
786,2
1885,1
13,0
6191,2
5564,2
2279,2
5871,2
3105,0
7211,2
3886,2
5570,1
1676,1
7378,1
1856,1
3671,2
6174,0
298,2
6868,0
8031,1
2371,1
6195,1
5954,2
2471,2
3543,1
4879,0
4264,2
8725,2
5452,2
8162,0
6388,2
3177,2
6658,0
2828,0
319,1
4723,1
7584,2
7057,1
3021,2
7889,2
565,0
7112,2
6101,2
6005,2
8539,2
1078,0
18,1
4308,2
4259,2
3623,2
5983,1
5092,2
7366,2
3280,1
7388,0
8712,0
2277,1
2692,2
6449,0
7352,1
6211,2
2370,0
7803,1
249,0
5249,2
7008,1
2351,2
5292,2
131,2
1957,1
1806,2
5881,1
4952,1
88,1
1798,2
3397,0
8783,0
3369,2
1357,2
117,1
4853,2
8247,1
6339,1
225,2
5619,2
3496,2
6561,2
4228,2
5834,1
4884,2
6525,2
1504,1
720,0
4496,1
5666,2
5662,2
3507,2
5042,2
4283,2
6633,2
8800,0
5801,1
3392,1
6806,1
3330,1
6625,1
668,2
3842,2
4368,1
238,1
6384,0
7180,2
7826,1
4389,0
728,2
1226,1
676,1
2924,0
210,2
6736,2
456,1
6223,2
5466,0
1924,1
4679,1
1481,2
4660,1
4085,2
3597,2
7625,0
2659,2
689,1
7103,1
2255,1
4265,2
3275,0
3125,2
4808,2
2880,2
8637,2
6636,1
3282,1
7705,1
753,2
880,2
8517,2
7528,2
1284,2
7481,1
5037,2
4726,1
1424,0
1196,1
6243,0
7888,1
3895,2
5170,2
8548,1
7769,0
1872,2
4316,2
2592,2
3556,1
8425,2
6967,1
3034,2
5476,1
2648,2
5757,2
7227,0
3904,2
5594,1
1722,1
5314,2
3839,1
4035,0
2163,1
1375,2
2821,2
974,1
1579,1
6080,0
1705,1
4687,1
6638,0
6924,2
6167,1
3861,0
703,2
2358,2
6346,2
2227,2
257,1
4553,2
256,1
4357,2
7489,0
5647,2
7883,1
6778,2
1998,2
8135,0
445,2
2301,0
7736,1
5005,2
4640,0
6114,1
373,2
2061,0
7279,0
4170,2
4851,1
3180,0
5913,2
1929,0
4109,2
4305,2
1399,1
1144,1
1621,1
2480,2
5776,1
4815,2
8407,1
4424,1
2211,2
5735,2
2022,0
8380,1
3478,2
8109,0
2485,1
7578,0
6532,2
2533,0
2714,0
5551,2
3607,2
2132,2
732,2
8134,2
4198,2
2787,0
2542,0
8091,2
5362,1
4047,2
7073,1
7953,1
3134,1
1275,1
1049,0
3685,1
8615,1
2337,0
5220,0
1110,2
7083,2
5841,1
5877,0
3246,0
2002,2
1494,1
1239,2
1701,2
4133,2
1749,0
3752,2
8390,2
7885,2
7571,0
802,2
408,0
2795,2
4521,0
94,1
4262,0
6843,1
7842,2
3775,2
7155,2
4041,2
4840,2
3630,1
1019,1
1254,2
3227,2
4705,0
8434,1
7179,2
601,1
6091,2
416,0
8482,2
8793,1
6479,0
5577,2
1225,0
6727,0
7303,1
8204,2
594,1
7091,1
6429,2
2642,1
5616,0
1877,1
311,2
2434,1
4611,1
6742,1
4752,2
6748,0
6230,1
1679,1
1236,2
8431,2
7624,2
6753,2
2221,2
6730,2
6979,1
1440,0
7043,2
666,1
4515,1
510,1
6059,1
4482,2
1422,1
4459,1
6737,1
4114,0
6319,2
3333,0
519,2
8696,1
6617,2
1365,0
4954,1
6464,0
5875,2
895,1
2635,1
5965,2
5996,1
2000,2
177,1
7832,2
477,1
1331,2
6874,2
589,2
7893,0
8262,0
669,2
7828,1
909,1
7913,1
4068,2
4257,1
5231,0
7746,2
7351,1
1821,2
7338,2
8526,2
989,2
1978,2
7655,0
3587,2
6067,1
2940,1
4183,0
3559,2
2377,1
4141,0
586,2
2161,0
5122,2
1761,1
3441,2
4274,2
7362,2
5084,1
8370,1
999,2
708,1
3209,2
7033,1
3411,1
4348,2
8349,0
3646,2
297,2
2053,2
8704,1
2457,0
186,1
1724,0
5700,0
759,0
6075,1
4836,2
7539,1
7680,1
2104,2
5840,2
2588,0
100,0
4523,2
1050,2
3773,1
3267,2
8505,2
4694,1
8367,2
7050,2
7521,0
6162,2
3184,0
564,2
280,0
7142,2
3726,1
8184,1
5129,2
7755,1
3489,1
8148,2
5463,1
1613,1
3830,1
3574,2
496,1
6306,2
1210,2
6992,1
2913,2
7131,0
308,2
8171,2
959,2
6808,2
1183,0
39,0
4378,0
5561,2
6873,1
4904,1
6194,0
412,0
7439,2
7285,0
552,2
7110,1
4139,0
4712,0
8253,1
1311,1
6948,1
7257,0
7662,0
7875,1
6120,2
479,2
739,1
7074,2
2092,1
3725,1
2282,1
2730,1
6407,1
6822,0
969,2
6038,2
399,0
1062,1
3995,2
7071,1
1744,0
3189,0
8355,1
7051,2
8075,1
4559,1
4087,2
2440,0
1182,2
3549,0
6916,1
8140,2
1307,1
4394,1
7929,0
5382,0
217,1
4003,2
5074,2
5137,0
2854,1
1326,1
3978,2
4344,0
957,0
5002,2
5998,1
2025,1
2302,2
2953,0
2382,1
4950,2
8464,2
5499,1
4937,1
5155,2
3084,0
5689,2
1831,1
4282,2
6696,2
4386,0
4300,0
1105,2
663,2
8221,1
5359,0
2465,2
314,2
1654,2
31,2
2287,2
5323,2
4623,0
3596,2
419,0
5976,2
8611,2
8324,2
2427,1
722,2
8802,2
6907,1
4464,1
954,0
6852,1
3857,2
2896,1
3458,2
5422,0
3370,2
5146,2
3899,1
7106,1
3000,1
8213,2
4214,0
4325,2
4246,2
106,0
1073,0
6791,2
8072,2
1585,1
199,1
2317,2
2579,0
6954,2
5697,0
1316,2
3566,1
4096,2
6040,1
8670,1
6136,1
5894,1
883,2
3817,2
7616,0
1835,2
5011,1
4427,1
2630,2
4505,2
1794,1
8186,2
6079,0
4902,2
40,0
6519,1
8678,2
4674,2
7042,2
8478,2
3224,1
1802,1
4551,1
7433,2
788,1
8417,1
3452,2
4522,2
7423,1
8454,1
2651,0
4759,2
3334,1
5354,0
6327,2
3359,2
4590,0
2978,2
3837,2
1882,1
4342,2
8128,1
389,2
5674,0
1755,1
3026,2
730,2
4063,1
3005,0
2455,1
6118,0
2359,2
8287,0
4101,2
4281,2
2175,1
5418,1
7392,0
368,1
16,2
4304,1
459,1
42,1
6311,2
8403,1
1636,0
1688,2
7006,1
2439,1
2922,1
770,1
8014,2
1471,2
2247,1
5248,1
6391,2
1896,2
748,0
7966,1
3874,1
8639,0
3873,2
4031,1
5097,2
8475,0
1072,0
7965,1
7460,1
1535,2
4785,2
8585,1
7097,1
2024,2
3540,0
6169,0
3905,2
2020,0
3439,1
7921,2
1543,1
1660,2
6252,1
7311,1
8613,2
2151,2
1967,2
2505,0
3307,2
8746,1
615,2
3499,2
8336,2
5604,2
1797,2
1783,2
6332,2
5272,0
4928,1
4470,1
7264,1
6586,2
5226,2
2538,0
152,2
3089,2
3299,1
8445,1
201,1
112,1
6825,0
1864,0
3544,0
5215,0
2353,2
8055,1
8767,1
4716,2
7802,2
1697,1
7845,1
5667,1
5978,2
7061,1
3756,0
7925,2
6534,1
483,2
5911,2
8319,2
7697,0
2833,2
6947,2
3789,2
4121,0
3351,2
5873,2
2222,0
3754,2
4130,2
4489,0
2995,0
7426,0
3043,2
4586,1
1445,1
181,1
3419,2
2865,2
5579,2
8389,1
8153,1
7902,1
7007,2
776,1
840,2
3545,1
8229,1
3474,0
7809,1
7702,0
6481,1
1155,0
4609,1
7185,1
6610,1
3261,1
2929,0
5597,0
626,2
3035,0
7820,2
639,1
358,1
8415,2
5991,2
2836,2
5396,1
2901,0
1531,0
1887,2
1643,2
4,2
7406,2
8671,1
8788,2
2775,2
7372,1
409,0
5482,1
2628,2
1313,1
4543,2
1379,1
3816,2
3780,2
5516,2
1047,1
5635,2
5436,0
3344,2
1120,1
6573,2
8294,2
2410,2
1632,0
3423,2
208,1
7576,0
284,1
7468,2
4046,1
6887,1
76,1
5217,1
4949,2
7124,1
7957,2
5796,1
1487,2
1833,1
3589,2
8717,2
7119,1
2280,2
1710,2
2792,2
4572,1
6478,0
979,2
309,0
6619,1
8312,1
5955,2
740,2
5899,2
1733,1
2543,1
8335,1
6352,1
6830,2
8132,2
7626,2
3396,0
2680,2
5923,0
5784,2
5537,1
4624,2
4151,1
7629,1
951,2
207,1
1876,2
1052,2
4714,2
4550,2
7113,2
7374,2
814,1
630,2
1996,2
7175,1
6474,2
6712,2
2564,1
5244,1
2806,2
6295,1
2188,0
1526,1
2192,0
2063,0
8780,0
4938,2
6147,2
349,1
8400,0
4383,2
7022,0
3393,0
864,1
480,1
2256,2
6109,0
6834,0
8622,1
6134,2
3027,2
4029,1
8203,1
3946,2
2376,2
3855,1
79,1
8557,1
8039,2
6751,2
3929,1
5828,2
4873,0
2051,0
4747,2
491,1
3212,2
1456,2
2849,2
990,2
245,0
6202,1
5887,0
3516,1
3542,2
660,1
3473,1
5633,0
1612,2
4915,2
4077,2
1576,1
3401,0
6175,2
860,2
2458,2
5909,2
3609,2
3958,1
7340,1
8326,1
6416,2
5975,2
6007,2
3291,1
1214,2
3448,2
3897,2
6972,0
8439,1
1721,1
3183,2
8127,2
4441,2
3992,2
7599,0
3924,2
6545,2
625,2
1719,1
1530,2
265,1
6410,0
4025,2
6282,2
4866,2
4249,1
7151,1
7400,2
2394,2
7152,1
7075,1
191,2
3626,1
3632,2
3922,2
2214,1
1542,2
8015,0
5310,2
4627,2
1168,2
3432,2
2967,0
5407,1
2391,1
296,2
1,2
2932,2
6078,1
1370,1
3547,2
7478,1
608,1
5967,0
6836,2
1441,1
2015,1
7117,1
2776,0
4909,2
694,0
1668,1
4057,1
2133,2
1272,2
4332,2
8513,2
7671,1
1592,2
6710,1
420,0
6892,2
3353,2
6280,2
7492,0
1274,0
3387,1
3835,2
2355,2
2499,1
3994,0
2848,0
5862,2
7882,1
3012,1
139,2
3923,2
4007,2
3599,1
5455,1
7703,2
2162,2
1756,0
4921,2
1891,1
2014,1
8008,1
8567,0
3030,0
709,2
6476,1
7710,1
1969,2
1769,1
5941,1
8361,1
4455,1
688,1
2179,2
4431,1
5309,1
1336,2
5865,1
7181,2
7234,2
7722,0
3061,2
1320,2
224,1
3482,0
5921,2
6489,2
1245,0
7544,1
8460,2
2840,1
1638,2
2864,1
7456,2
1920,1
5606,2
3493,1
1118,1
7795,0
4969,2
1637,2
7932,1
1959,1
6536,1
2475,0
1154,2
3454,2
7238,2
4037,2
1675,1
6858,1
8139,2
6862,1
8467,2
1262,2
7002,2
746,2
2409,2
7981,1
2143,2
2240,2
5793,2
1693,0
701,2
2578,2
4772,1
5449,2
7825,0
6562,1
5906,1
2647,1
414,0
4421,1
5659,0
1046,1
6831,2
7513,0
4832,0
1077,0
6025,0
8205,1
8794,1
60,1
3919,2
4893,0
8306,2
5692,0
4670,2
3046,1
2956,2
7884,2
5060,2
1198,2
277,1
5458,0
2056,1
2604,1
5051,1
5838,0
2946,1
3949,1
3060,2
6445,1
1425,1
263,0
8623,1
6119,2
3515,2
5118,1
2432,1
8356,1
2076,0
3311,1
2697,1
200,1
7517,1
4637,0
4557,1
8741,0
7286,2
2140,2
3735,2
5238,2
2482,1
4536,0
7079,1
6304,0
3668,2
5543,2
5147,1
1413,2
458,1
6900,0
2200,2
2616,2
4211,2
157,1
4658,0
1167,1
4946,0
4905,2
8040,2
1766,2
4331,2
6522,2
2045,2
1993,2
2766,2
6056,1
2368,1
3009,2
7341,1
4978,2
2047,0
8416,2
1595,2
3676,1
3252,2
405,0
3149,1
6533,1
4307,2
8236,2
841,2
1203,1
7490,0
5639,1
2925,1
8691,2
6537,1
1606,2
4961,2
6798,1
6782,1
7147,1
6511,1
3083,0
899,2
4706,2
3721,2
4803,2
4018,1
6859,0
791,2
2996,2
1453,1
4219,1
4520,2
1181,0
5164,2
3339,0
7716,1
2725,1
501,2
2310,2
10,2
3786,1
3450,2
4943,2
8720,1
4001,2
4155,2
7089,1
1149,0
3176,2
2342,2
1131,1
6846,2
6493,0
853,2
4284,2
6607,0
1516,2
5341,1
3962,1
3720,2
5469,1
5072,1
1915,2
161,1
5656,2
905,1
6981,0
7523,1
5218,2
85,0
1084,1
4600,1
8575,1
127,1
1875,1
3031,1
7550,1
3621,2
8126,2
5901,1
5243,0
7977,0
903,2
4663,1
4885,2
8510,2
7157,1
5945,1
5259,0
3226,2
5408,1
6205,2
3967,2
1201,1
8621,1
687,2
1126,0
4462,2
7766,0
5380,0
4356,2
7290,0
240,2
8239,0
4830,2
7017,2
4503,0
7064,2
4450,2
938,0
3774,2
7582,1
2215,0
5333,1
1493,0
1286,2
6057,2
5429,0
2328,1
1290,2
5568,2
2629,1
6157,0
8402,1
2993,2
2760,1
2235,2
829,0
1696,0
6541,2
1337,0
3336,1
1572,0
5799,1
4162,2
563,1
5627,2
1213,2
4876,2
7252,1
2352,1
8017,2
7479,2
6435,2
6635,1
2309,2
3585,2
6135,2
5130,1
2289,0
2267,2
244,1
2243,2
5029,2
4822,2
3724,2
4896,0
2815,2
232,0
6018,1
2202,2
7540,1
7791,1
6238,0
8737,1
8643,1
1392,2
4501,2
6957,1
1852,0
7867,2
7995,1
1541,2
1827,2
372,2
4050,2
2912,2
6517,1
3015,1
2708,2
3420,1
6896,2
2484,0
4802,2
1505,0
4011,1
2103,1
2451,1
517,1
5234,2
7473,0
6647,0
5891,2
5205,2
4673,2
3117,2
994,1
2381,1
5094,2
1317,0
396,2
939,0
6932,0
7163,1
7282,1
3049,2
1351,0
4123,2
4454,1
7461,1
4560,1
7063,2
5797,0
8001,2
6297,0
8212,2
2228,2
8374,0
3711,2
3714,1
5548,2
1870,2
5798,2
3135,1
3866,1
7014,1
2019,0
5803,2
7154,0
971,2
5329,2
5365,2
5450,1
6373,0
826,2
3803,0
4512,2
4201,2
4619,2
6024,1
4831,0
1586,2
6246,0
5250,1
1746,2
6824,2
8485,1
2254,2
1781,1
2130,2
5486,2
2671,2
101,2
6354,1
8049,2
5588,2
4236,2
183,2
2727,2
4892,0
5053,2
366,1
5133,0
7997,1
6503,1
6209,2
271,2
1090,0
8666,1
3238,1
8167,1
2452,2
5858,2
5330,2
2404,2
107,0
5406,1
2004,1
2645,1
3870,2
1617,2
4055,0
6326,2
7385,1
7823,1
6786,2
4653,2
5990,2
5297,0
184,0
3044,2
2147,1
2863,2
3481,2
5252,2
5373,2
2839,0
3300,2
5260,2
5861,0
5610,2
8646,0
8300,2
5221,0
1025,0
7848,0
6646,1
6888,2
2311,2
6524,1
6060,2
4750,2
4916,0
827,1
434,2
1261,2
6277,2
8610,1
2054,1
1824,2
2344,2
7645,2
5553,2
8648,2
8690,1
1681,0
1092,0
5028,2
2062,2
4811,2
7843,2
8576,0
1119,2
4762,0
4729,1
4903,1
7230,0
542,1
1443,1
1241,1
3036,2
2897,2
7408,1
2541,1
755,0
8581,0
4563,0
3961,0
4944,2
3390,0
3335,2
7509,1
4518,2
1788,2
4847,2
2003,1
1687,0
4825,2
1460,2
6997,2
5746,2
7691,1
2445,1
6935,0
1703,1
2980,1
1187,2
7403,2
6139,0
4499,2
278,2
8728,1
4232,2
7591,2
5860,1
3955,2
1725,2
5212,2
8052,1
5064,2
3223,2
6438,0
3316,0
6716,2
1489,0
3558,2
3162,2
391,2
5124,2
6626,2
5613,2
588,0
2825,2
678,2
6442,0
4472,1
4681,1
4765,1
4447,2
3953,0
2083,2
1040,2
603,1
5066,2
3868,0
6198,2
661,2
4443,1
6871,2
4099,1
2213,1
462,2
907,2
6463,0
3901,0
8273,1
3531,2
1557,0
4235,2
7973,0
1342,2
5885,2
5141,0
1363,1
1554,1
8308,2
8093,0
8295,2
1858,1
5437,1
5839,2
5628,2
2788,0
5065,2
5413,2
3323,0
629,1
4303,2
286,0
2299,0
3906,2
7121,2
7297,0
7184,1
2483,1
35,2
1414,1
236,1
3811,2
6826,2
8589,1
7980,1
291,1
6383,0
3956,2
3317,0
4329,1
946,1
4741,2
5726,0
6880,2
292,1
4258,1
5505,2
5348,1
6446,1
558,2
2832,2
6838,0
8068,1
8130,1
7482,2
1141,1
2799,2
8102,0
8618,2
448,1
7444,2
2100,1
4649,2
578,1
5617,1
1810,2
3320,0
7253,2
3182,2
3055,0
2119,0
2013,2
2790,0
6076,0
6688,0
2860,1
8281,2
6000,2
5308,2
6098,2
3461,1
3659,0
1656,2
2964,0
5532,2
935,1
1532,2
3263,1
3188,1
1002,2
1653,1
2086,2
212,2
7524,0
5290,1
772,2
8676,2
5702,2
1327,2
6529,2
8757,1
1133,2
6276,2
4725,2
4890,2
1432,1
4850,2
5708,2
6301,0
5073,2
5298,1
4913,0
5096,1
4387,2
6720,2
5087,2
4615,1
3963,2
6217,1
873,2
2570,1
6772,2
2275,2
8111,2
149,2
6621,0
7402,2
5178,2
6913,2
5210,2
2101,2
7334,1
6670,2
2801,2
6877,2
1512,2
3664,1
937,0
1581,0
5566,0
5571,2
4702,1
4150,1
986,1
259,0
4774,2
356,1
6594,2
3249,2
5426,2
1639,1
7852,0
5456,0
1039,2
8571,1
3014,1
8735,2
924,1
5773,0
6382,0
3913,2
2087,2
970,1
7727,2
55,0
172,1
6829,0
2246,0
7747,0
5265,2
8675,1
677,2
2065,0
4826,2
2919,0
3298,2
467,2
5191,2
6899,0
4601,1
2306,2
3415,0
4783,2
2005,2
3198,0
1339,2
4036,0
8258,1
1830,1
2587,2
410,0
3682,1
7023,0
902,1
2737,0
3920,2
1844,0
769,0
5772,2
8284,1
7357,1
2794,0
7065,2
6188,1
3365,0
5517,2
4819,1
2114,0
3802,2
2889,2
2386,1
3856,1
6584,2
8410,0
5649,2
4987,2
3541,1
8498,2
4238,2
3506,2
2534,2
5854,2
7514,1
5439,2
2398,1
5232,0
2627,0
4602,0
473,2
6797,1
3433,2
5673,1
2077,2
7669,1
4324,2
2123,0
2640,2
4402,2
7664,2
6581,0
7158,1
3204,1
2073,0
5279,2
6240,0
2841,0
716,2
5625,2
7000,1
2402,2
5634,2
1652,1
5886,2
3788,2
4823,2
7173,1
7202,2
735,0
6960,1
7160,1
8629,0
5603,0
6832,0
7009,1
6045,2
7880,1
3110,0
3569,2
5742,2
8563,2
6886,2
2958,2
6425,2
8366,2
2724,1
3143,1
6309,2
1199,2
8519,1
866,2
6152,0
715,2
8778,0
4918,2
4541,2
6203,1
7916,1
5131,1
2855,2
7011,1
6766,0
1308,0
1124,2
7849,2
2816,1
5284,0
475,2
7742,0
23,0
4008,2
1265,2
5707,1
47,2
6589,1
1283,2
3945,1
1807,2
2336,1
3695,0
5951,1
8195,2
8056,2
887,2
1381,1
6508,2
6427,1
5563,1
5,2
1224,2
8620,0
8764,1
1642,2
5872,2
1278,0
5044,1
2562,1
5472,1
5917,2
4391,1
8624,1
7361,1
6564,2
960,2
7393,2
3570,2
4318,0
500,2
8363,2
1171,1
5480,2
898,1
536,1
471,0
3462,1
348,1
3740,1
5786,2
5209,1
318,2
6521,0
7342,1
7813,1
5378,2
8706,2
4980,2
2535,1
6477,2
6717,1
7199,2
2340,1
2758,2
7732,1
5068,2
707,1
5148,2
6555,2
7078,1
3363,2
529,2
4626,2
8693,1
792,1
7156,1
425,1
5379,2
5468,2
8584,2
2288,2
2527,2
7455,0
1559,2
4676,0
422,0
3536,1
1790,2
4941,2
2732,1
8225,1
1683,1
2443,2
6839,2
7399,1
7749,1
4514,2
4033,2
8784,0
4891,1
3737,2
5575,0
5636,1
3146,0
4977,0
6070,2
4245,2
1894,2
8649,2
6362,2
6664,1
5331,1
7225,2
8679,0
6995,1
2260,1
3891,1
4661,2
6579,1
4860,2
5336,2
2037,1
8573,1
1420,2
1134,2
5789,2
4900,0
3968,1
3413,1
4395,1
3796,2
2874,2
7830,1
3713,1
8131,1
8224,2
3122,2
5358,2
7415,1
4408,2
2099,2
1926,2
4742,1
7136,1
3792,2
1227,2
3644,0
998,1
1444,1
4738,0
4397,2
7367,2
6530,1
7696,2
790,2
2539,1
7594,0
729,2
7788,0
4449,1
8501,1
4179,1
4843,2
1237,1
6034,2
559,2
813,0
723,0
343,1
2472,2
4313,0
2323,1
260,2
4883,2
6299,2
5766,1
7437,0
3746,2
2396,2
1921,2
2803,1
3456,0
4656,0
5641,1
5900,2
1943,1
8165,0
1908,2
5779,2
8588,1
857,2
5864,1
7349,2
3846,0
3090,2
5715,2
7881,1
3689,1
4414,2
7093,2
4343,1
836,2
4237,2
8154,0
62,0
8226,1
3964,2
8601,1
198,2
7552,0
3532,1
1223,2
4202,0
2354,1
7268,1
3023,2
6952,1
543,2
3957,2
3943,0
4502,2
1100,2
4315,1
4042,2
5139,1
733,0
659,1
1234,2
4693,1
5578,0
8338,1
1625,1
4527,0
1539,1
5478,2
2951,1
992,0
6341,0
4855,2
8147,1
5056,1
5203,2
8106,2
6968,1
6376,2
3218,0
465,2
5151,1
3472,0
4664,2
6159,2
8756,2
5322,1
6146,1
6012,2
8420,2
7860,2
3073,2
4004,2
3488,2
7047,2
5646,2
4920,2
1796,2
6609,1
1281,1
4083,2
2028,1
764,1
169,1
3219,1
5560,1
2682,1
8592,1
582,1
24,1
3407,2
2138,2
6789,1
8157,2
2950,1
5683,1
2236,0
1152,0
4953,1
1712,2
7045,1
7931,1
697,2
5479,2
1848,1
8129,0
5197,2
7353,0
5387,1
1041,2
1800,2
3527,1
8270,2
4189,1
8000,0
44,1
5332,2
2506,1
3442,0
6469,0
4698,1
7522,1
8333,2
7608,0
190,1
5395,2
5344,2
4448,1
2111,1
7887,2
6595,2
7572,0
7817,2
7985,2
5116,2
3422,2
7646,0
2569,0
4770,0
822,2
6767,1
8051,1
3548,2
8798,2
6746,0
2419,1
6010,0
4650,1
3812,2
3643,2
2157,0
710,0
3136,1
2494,0
522,0
8325,2
4073,1
7786,0
2581,2
8719,1
1503,1
290,2
7304,0
4576,1
6255,1
1418,2
2941,1
2357,0
215,2
4234,2
4592,1
5926,2
57,0
7627,2
4713,1
4632,1
8521,2
2920,2
2829,2
3193,1
993,1
1333,2
7210,1
6186,1
1216,2
3579,2
6674,0
4113,2
4617,2
6988,1
1624,1
8099,2
6490,1
6322,2
7346,1
8387,0
6264,1
7221,0
1289,0
7986,2
2160,0
6895,0
376,0
5699,0
1354,1
1164,2
2556,1
7062,1
2979,2
930,2
363,2
7836,1
5931,2
5079,1
1007,0
1325,2
315,2
2780,2
7139,2
7622,2
4973,2
4625,2
5187,2
2867,2
3108,1
2435,1
7498,0
8277,1
7873,2
2245,1
7442,1
3715,2
1106,2
103,2
1723,0
2510,1
3672,2
3169,2
4958,2
70,2
8210,2
5075,2
3119,2
6615,2
3382,2
8612,2
8310,2
2550,2
1315,2
1567,2
4675,2
1665,1
6031,2
4044,2
4635,1
8378,2
3377,1
2712,2
5722,2
6565,2
4263,1
8235,2
1970,2
6817,2
361,1
6017,2
4662,2
383,2
3514,1
1577,2
2173,0
1508,0
1709,2
2754,1
6965,0
4701,2
2883,2
2304,1
5273,0
527,0
5377,2
123,0
3329,2
1686,2
3896,1
4976,2
5618,1
222,2
4477,2
8600,0
6433,1
4936,1
4878,2
5168,2
4621,2
580,1
3908,2
5105,1
1497,1
614,1
1738,0
8121,0
1740,2
1583,1
837,2
2661,2
4423,1
7800,2
2785,0
8197,2
453,2
1177,2
1101,1
5475,2
7463,1
3047,0
8393,2
3016,1
87,0
7222,0
4360,2
1720,2
8198,2
6473,0
7948,0
8481,1
620,2
6630,2
6743,2
1288,1
440,2
4178,2
7510,2
4418,2
1812,0
166,2
1401,0
322,2
2612,2
6105,0
316,1
5316,2
8806,1
150,2
2231,2
1968,2
1473,1
4400,0
3700,2
3834,1
3667,0
8011,2
3443,1
2454,2
6011,1
609,1
2554,0
5770,2
1909,2
1550,1
6235,0
6571,2
3170,2
8115,2
5804,1
5643,0
8531,1
5127,2
3674,1
328,2
2984,2
302,2
2620,1
159,2
983,2
1271,2
5761,0
327,1
2786,1
357,2
4268,2
8053,2
7684,1
1347,2
1045,1
4102,1
1421,2
4889,2
3731,2
6761,1
3983,2
3337,0
531,0
5040,1
1591,0
1944,1
6487,0
2528,2
6176,1
927,0
4197,2
2477,2
1013,2
7688,1
7296,1
1707,0
5113,2
1888,1
7982,2
6546,1
1640,2
5091,1
8502,2
3058,0
8797,0
5820,2
3636,0
2877,1
5972,1
5283,2
5584,2
7475,2
2400,2
2608,2
1628,0
5819,2
8558,2
4779,2
6107,1
1395,0
4845,2
3399,2
8354,1
1243,1
4597,1
4370,2
6422,2
5157,2
1566,1
168,1
6432,1
4247,2
6614,1
2992,1
2088,2
170,2
7446,1
1330,1
8496,2
5695,0
8448,2
5910,2
5758,2
1748,2
8781,0
6113,1
7474,2
4270,1
2817,1
2058,2
3777,0
6406,0
6289,0
2264,1
4957,2
8233,2
2266,1
4056,2
1433,1
6096,2
7681,2
5263,1
3733,2
8245,1
1966,2
8022,2
4529,1
8483,2
1517,2
7520,1
6683,1
3941,0
4645,2
8404,1
7779,0
4524,2
7900,2
2811,0
6652,1
1386,2
3114,0
4717,0
3296,1
5086,2
6540,2
4665,2
2250,2
1350,0
5740,2
7741,2
5411,0
2781,2
2223,2
4929,2
1837,2
1394,2
6466,0
2900,2
3262,2
4043,2
7395,1
1782,2
1521,0
3915,1
8373,0
6197,0
8016,0
5464,1
1442,0
5788,2
2274,1
847,2
4054,2
7214,1
1702,0
5527,1
4433,0
3024,2
7389,2
1376,2
8440,1
7549,2
5827,0
3820,0
1108,2
3736,2
7548,2
1230,1
7598,1
3011,2
2464,1
4230,2
6437,1
1873,2
6485,0
1436,2
1742,2
1547,1
3283,2
5199,1
4780,0
6419,2
8695,1
2191,2
3889,2
6986,1
5223,2
5494,0
1706,2
5149,2
7355,2
8616,1
5363,2
2502,1
7021,1
2602,2
242,2
8042,1
4763,2
5276,2
3885,2
1390,2
3303,0
7483,0
7036,1
4930,0
2793,1
849,0
2713,1
6574,0
2717,0
7585,2
8030,1
325,1
7978,0
49,2
3647,1
2938,1
878,2
4606,2
3605,1
6281,0
4088,0
4301,2
4511,0
3062,0
3053,1
8791,2
7381,1
6726,0
6378,1
3257,1
535,0
7060,2
4945,2
8021,1
7633,2
5749,1
861,0
1408,2
6881,2
6324,0
4335,1
6940,2
2774,2
2084,1
7945,2
7291,0
6398,0
2600,0
2178,0
6901,1
1869,2
4110,2
4081,0
5375,0
3008,2
3525,2
1981,1
737,2
7345,2
3598,0
5033,0
8073,2
3698,2
4581,1
6714,0
8116,2
7865,2
6394,2
7668,2
3067,2
5829,0
2898,2
8762,2
4881,2
981,2
3877,2
7621,2
4999,0
5530,1
7936,1
8377,2
590,0
7237,2
5253,1
1814,1
2990,2
879,2
3586,2
3099,1
7631,2
8250,0
8565,0
963,2
1135,1
5364,2
7910,1
1866,1
2327,2
2331,2
8761,1
6256,2
6823,0
4605,1
7049,1
8183,1
8059,1
7964,1
1669,1
5202,2
6233,2
8104,2
1903,2
6278,1
2873,1
1125,2
1107,2
382,1
4269,1
1205,2
2582,1
4794,2
5751,1
7044,1
8491,2
7806,1
4349,2
3848,0
5957,2
439,2
6632,2
6125,0
4286,0
2757,1
6325,1
4002,2
4403,2
8120,2
7270,2
4737,0
6497,1
1912,1
762,1
726,2
7206,2
2887,0
6302,2
8617,2
4652,0
4722,1
4574,0
3412,1
2156,0
54,0
4017,1
1575,0
3577,2
5764,2
294,0
6439,1
3880,1
8747,0
6956,2
1728,2
5542,2
2558,0
1988,2
5035,0
7660,0
3228,2
1044,2
7418,1
6759,2
1602,1
681,2
906,2
8653,1
7145,1
5419,2
2120,1
6143,2
5590,2
5492,2
6506,2
7935,1
1795,1
3199,0
5070,0
8260,0
7770,0
6496,1
6920,2
1246,2
3354,2
4480,2
2677,1
5317,2
6285,1
8179,2
3783,2
6049,1
7161,0
7265,2
1801,1
618,2
7118,1
5502,2
1880,2
6013,1
283,1
6043,2
3185,1
1359,2
4488,0
306,0
4451,2
6063,2
1804,2
6154,0
5907,2
5963,1
4145,0
6145,2
5714,2
3242,2
1211,1
5483,2
6366,1
6092,1
1377,2
2069,2
2426,2
3179,0
1206,0
509,0
255,2
7397,1
1767,1
5368,2
2428,2
1551,0
1153,1
6718,1
8504,2
848,2
2937,0
844,2
7798,0
1419,2
6513,1
684,2
3795,0
5754,2
5169,1
7726,2
6752,0
387,1
2182,2
6148,2
2074,1
8083,1
7841,2
1819,2
6943,2
6744,2
6863,2
3519,2
1999,0
6507,2
612,2
6911,1
7648,0
3629,2
4778,2
2284,1
8101,1
2356,0
6644,1
8087,2
6470,2
4065,1
5682,1
4769,1
5845,0
1914,2
5782,2
3322,0
5930,0
4757,2
1276,2
1022,1
7219,1
6780,2
6081,1
7951,2
6030,1
925,0
4568,1
8156,0
6612,1
859,1
2968,2
5384,1
8249,1
585,1
8487,2
2768,2
5806,1
2838,2
8549,2
4015,1
5349,1
2517,1
766,2
5645,1
506,0
611,2
4818,1
6187,2
6675,1
3164,1
8522,2
4367,2
1322,1
3779,0
5294,2
482,2
4730,1
388,2
5832,2
192,1
4154,2
3366,0
1569,1
4934,2
3156,2
787,2
2566,1
4019,2
5944,1
2632,2
7886,2
3805,2
1513,1
2498,2
2999,1
599,1
2622,1
6447,1
5745,2
5470,2
6754,2
5214,1
5465,1
2183,2
8315,0
6908,1
8708,2
1985,0
7586,2
4708,2
4931,2
3573,0
3130,2
3950,1
921,2
8133,2
6181,1
5307,2
6949,1
8038,2
1096,0
1459,1
3151,2
5580,1
5225,2
7040,1
6457,0
5228,2
4841,2
5696,1
7989,2
6041,0
2963,0
6577,1
4967,1
213,0
8069,1
8209,0
504,2
3900,2
8348,1
2567,1
551,2
6228,2
5939,1
5949,2
6548,1
5462,1
1208,2
160,0
8418,2
5630,2
2347,1
1563,2
4587,1
6314,1
8251,2
326,1
6566,2
204,2
6412,2
884,2
262,2
4291,2
756,2
5539,2
1448,1
1465,0
7637,0
6794,2
7850,2
4495,2
6711,2
4740,2
3418,2
8770,1
8376,0
6641,1
5101,2
4328,1
7674,0
8169,2
7634,2
209,1
587,2
6897,2
8066,1
2180,1
2606,2
214,2
5471,1
6369,2
8084,2
4820,2
5876,2
2989,2
4669,0
2530,2
7698,0
7480,1
3944,2
3166,1
6653,1
8173,2
1295,2
1730,2
489,1
2810,1
8028,2
6882,2
8468,1
1664,2
8771,1
1540,2
6273,1
4982,1
4188,1
2362,2
1492,2
6486,1
8289,2
4997,2
3006,1
205,1
8060,2
3007,1
3508,0
5985,2
4299,2
537,1
7858,2
2091,2
3529,2
7150,2
8160,1
6990,1
6268,1
6515,1
3785,2
8340,2
269,0
8753,2
4355,1
8029,2
6975,1
7567,2
1791,0
6765,2
8625,1
5981,1
8758,0
8538,1
7165,1
8047,1
4022,1
7917,1
7104,1
2320,1
7512,1
2884,2
3140,1
5484,1
1037,1
1779,1
1009,0
1736,0
3551,0
4005,2
5500,1
1403,0
5569,0
8536,2
5808,1
6713,2
6628,2
4607,0
5286,1
6444,1
1412,0
5423,0
646,2
2544,0
3533,1
4186,1
3063,2
1726,0
1070,2
8701,1
1382,0
3952,2
4549,2
7926,0
3088,1
307,2
8041,2
2893,0
7725,2
6037,1
747,2
7687,2
922,2
403,2
8647,1
1380,0
2934,2
4998,1
851,1
4371,0
5153,2
8432,0
2761,2
647,0
658,1
6686,0
1574,1
3225,0
2407,2
897,1
8599,2
5007,1
6032,2
4422,1
6501,2
3347,2
8688,2
4612,1
2876,0
8494,2
3553,0
5058,2
8313,0
4792,1
3244,2
1431,2
773,2
8279,2
2385,1
7140,1
3444,0
6777,0
3270,1
779,1
5088,2
4972,2
7445,2
856,2
3772,2
1021,2
4786,2
6549,0
1528,2
5510,1
8353,0
5027,2
6355,1
1280,1
8302,2
8206,2
2568,0
3109,0
2657,1
5285,1
4440,1
1619,0
7991,2
4571,1
3256,2
7525,1
2210,2
5337,1
1593,2
3761,2
5591,0
5962,2
5196,2
6498,1
2515,2
541,1
7772,0
4172,2
4960,2
1839,2
8189,0
323,1
7570,0
4314,2
8318,2
2626,2
8364,2
7950,2
5347,1
3875,2
4788,2
8710,2
3018,2
3010,2
7192,2
2276,2
5668,1
4697,2
645,1
8713,2
2693,2
3158,2
1589,2
8763,0
8155,1
4975,1
3115,2
7804,2
1023,2
8384,1
4955,0
2764,2
463,2
815,2
8554,1
3660,1
2459,2
3281,2
2490,1
6020,1
6402,2
2585,2
7607,0
470,1
7020,1
583,2
3522,1
1184,1
1219,0
268,2
7486,1
1695,0
6722,2
5267,2
7249,0
8479,1
1301,2
8547,1
592,2
1634,1
8772,1
493,2
3878,2
4428,0
2121,1
8064,2
2278,0
26,0
1515,2
313,1
3535,0
7465,1
5503,0
7903,1
1651,1
1065,2
7868,2
7922,1
65,0
4382,2
7744,2
7983,2
2536,2
2886,2
2655,2
2637,1
2080,0
3236,1
4146,2
5216,1
2252,0
2414,1
2767,2
8118,2
8100,1
5747,2
1620,2
3843,0
5275,1
6821,1
102,1
248,2
1901,2
910,2
5433,0
2670,2
5299,0
6379,2
5057,2
502,1
1343,2
3583,1
4872,2
654,2
657,1
293,2
7195,2
1771,0
8241,1
3960,1
2844,2
534,0
8776,1
8246,2
5400,0
3,2
6401,2
4208,0
2249,0
4242,0
53,0
2866,2
219,1
1483,0
831,2
6340,2
8685,2
6833,0
3940,2
4776,2
7313,0
365,1
337,2
3633,2
492,1
5611,2
2563,0
5993,1
6003,2
401,2
1132,1
7432,0
3614,2
3484,2
4080,2
2117,0
4243,1
1439,2
1629,2
6691,1
2614,2
4223,0
7628,2
1644,0
7018,1
3999,2
7038,1
7294,0
5078,2
2553,2
6108,2
6640,1
8079,1
3662,1
7890,2
3471,2
7801,1
3196,0
5850,2
1411,1
1995,2
305,2
2144,0
43,1
7971,0
7536,2
4290,0
5846,2
2756,2
64,0
7391,2
652,1
3201,1
1951,1
431,2
8409,1
942,2
3071,1
6689,2
8095,1
7553,1
1229,1
4000,1
2040,0
2814,0
8503,0
329,1
5095,1
8442,1
1991,2
310,2
3248,1
5104,1
8692,0
6815,2
1475,1
5305,2
287,1
6800,2
3147,1
5117,2
8317,1
3266,0
3575,2
4469,2
6966,1
6328,2
8443,2
3424,1
4782,1
1850,1
1861,1
2113,1
6001,1
6996,2
2857,0
8266,1
3620,2
5595,2
6923,2
5258,2
261,1
6062,1
838,2
3126,1
2085,2
2081,0
3465,1
2043,2
2153,0
12,2
1389,2
4861,1
4388,0
3872,1
7729,1
3348,2
5705,1
2718,1
8143,0
2333,2
2715,1
634,1
1279,1
3144,2
982,1
4995,0
4339,1
188,2
7134,1
651,2
228,2
8718,2
945,2
672,1
3405,2
2789,1
1238,1
3104,1
6097,2
7215,1
7250,2
6149,2
3447,1
5844,0
6603,2
6978,0
6945,2
6131,1
7412,0
830,2
7793,2
1597,0
1193,0
81,2
449,1
888,1
644,2
8540,1
2229,1
6938,2
3346,2
5034,2
4106,1
8799,1
758,2
5825,2
2551,2
2830,0
4404,2
4205,2
5753,1
984,2
4058,0
2698,1
3233,1
3798,1
2518,1
4988,1
6480,1
3530,2
2662,2
8436,1
3879,2
4895,0
5434,0
7419,1
4385,2
7904,1
7956,1
3092,2
6974,2
4959,2
2383,0
5592,1
89,0
153,0
3819,2
4060,0
4868,1
5009,1
1194,1
4401,1
8598,1
5523,0
4380,1
6142,2
1093,1
1028,1
4715,0
1069,1
5704,2
3584,0
6556,0
2046,1
2664,0
7649,0
7659,1
7102,2
5241,0
5401,1
5342,2
3882,2
8586,2
3969,2
6334,2
6999,1
7614,0
1491,2
189,0
3912,2
6977,1
7618,0
393,1
7695,2
1775,1
2975,2
5274,2
1684,0
5676,0
7689,0
7149,1
5678,2
3679,2
5765,2
2856,1
4310,2
2239,1
14,2
5459,2
1659,2
1657,2
8215,1
6569,1
5852,2
3670,2
5393,1
4548,2
8755,1
2470,1
229,2
7164,1
912,1
8359,0
8026,2
7138,2
3408,2
3703,1
3431,1
5795,0
6604,1
1590,2
5388,2
1157,2
8805,1
4435,2
1218,1
4721,2
2710,1
37,0
1776,1
3972,2
1648,2
871,1
7954,0
2199,0
5427,0
528,1
7146,1
1774,1
4430,0
8716,2
1904,1
4971,2
1161,0
6248,2
4100,2
6420,0
2343,0
3082,2
6807,1
3603,0
5163,0
5658,2
3500,2
7962,2
8568,2
4432,1
6512,0
5609,1
7144,1
423,0
4497,0
1449,0
1731,2
1478,2
7701,2
1221,1
3274,2
2719,2
4981,2
1082,1
486,1
6127,0
8181,0
6360,0
597,1
4828,2
5698,1
6210,2
2763,0
4384,0
1397,1
3038,2
5556,2
1142,2
6279,1
5558,0
6380,2
744,2
3617,2
913,0
4345,2
4947,1
2646,0
7090,1
7364,0
987,2
8736,1
4465,0
1863,2
4493,2
865,2
2644,2
628,0
576,2
6231,2
2348,0
8296,2
1318,1
6128,1
2052,0
5533,1
2281,0
6543,1
6349,2
1584,2
595,1
6993,1
6028,1
7424,2
8110,1
3766,1
5311,0
1024,0
1461,2
6321,2
2765,2
7360,1
6405,0
635,2
8219,1
3022,1
6837,1
511,2
5281,2
1369,1
1917,2
7193,2
2686,2
1994,0
234,0
4979,1
6592,2
1361,1
6606,0
3315,0
4147,0
8341,1
8170,0
7994,2
7198,2
7812,2
7778,0
4278,0
5318,2
2503,1
2345,2
4870,2
5184,1
8525,2
8082,1
3304,0
5022,2
7344,2
7328,1
6454,1
7324,1
7491,0
196,1
2923,2
7752,1
7739,1
700,2
561,1
2283,2
5727,1
2268,1
5867,0
3331,0
285,2
21,1
5593,0
3374,2
4923,2
6083,2
2142,1
3509,2
5526,0
5190,2
8723,1
7284,1
3806,0
8555,0
1765,0
1088,1
2131,0
8667,2
5488,0
1058,2
5822,1
478,2
11,2
525,0
7114,1
6244,1
633,2
7506,2
1626,2
1175,1
916,2
8705,2
4094,1
3613,2
7765,0
8543,2
6928,2
5614,2
966,2
6618,2
4108,1
4350,2
2166,0
8138,2
8775,0
5706,2
4196,1
7293,2
2450,2
6254,0
4174,2
5807,0
1482,0
4504,2
5621,0
5135,2
1692,1
8804,2
2634,1
5684,1
124,0
1549,1
3107,2
4925,2
6342,2
8297,1
6189,2
5582,2
8751,2
3883,2
5430,2
8146,2
1248,2
8180,0
2172,2
8227,1
6585,2
3380,2
7503,1
3688,1
5172,2
5805,2
8651,2
3511,2
5937,1
3455,0
3378,0
932,2
4173,2
3654,0
1055,2
2050,2
1973,0
7933,0
8190,1
7272,1
3501,2
